"","state","district","lower","upper","fitted","actual_dem_vote","winner","actual_winner","geoid","correct","margin","count"
"1","Alaska",1,39.8725298448188,56.1897249905332,48.031127417676,48.6817059466567,"Republican","Republican",201,1,-0.65057852898066,32
"2","Arizona",1,48.5300437056944,52.8468787509984,50.6884612283464,49.558063168611,"Democrat","Republican",401,0,1.13039805973538,37
"3","Arizona",2,46.8591460587424,50.406321015808,48.6327335372752,46.1309109579084,"Republican","Republican",402,1,2.50182257936676,37
"4","Arizona",6,NA,NA,48.1908805033511,49.2507947418163,"Republican","Republican",406,1,-1.05991423846525,15
"5","California",3,NA,NA,63.1112801791722,47.8764332177479,"Democrat","Republican",603,0,15.2348469614244,37
"6","California",9,NA,NA,56.0492753621652,55.9726205611898,"Democrat","Democrat",609,1,0.0766548009754047,37
"7","California",21,40.3445166608641,60.4982314794696,50.4213740701669,54.0794194390085,"Democrat","Democrat",621,1,-3.65804536884163,NA
"8","California",22,NA,NA,60.0790476032695,47.330852225366,"Democrat","Republican",622,0,12.7481953779035,NA
"9","California",25,56.5621738142278,60.0644928591055,58.3133333366667,57.4042630913162,"Democrat","Democrat",625,1,0.909070245350456,NA
"10","California",26,NA,NA,54.7677777732822,54.10916035068,"Democrat","Democrat",626,1,0.658617422602205,NA
"11","California",45,NA,NA,51.9365517244129,47.537698793545,"Democrat","Republican",645,0,4.3988529308679,NA
"12","California",47,NA,NA,58.6815339234056,51.6148626569018,"Democrat","Democrat",647,1,7.06667126650382,NA
"13","California",49,NA,NA,50.058095238436,52.6084367383115,"Democrat","Democrat",649,1,-2.55034149987551,NA
"14","Colorado",3,44.1605267727353,54.0769636849786,49.118745228857,49.915319005839,"Republican","Republican",803,1,-0.796573776982065,37
"15","Colorado",7,NA,NA,55.141169591374,56.3905058485645,"Democrat","Democrat",807,1,-1.24933625719058,10
"16","Connecticut",4,NA,NA,49.5812121213613,59.4119042374748,"Republican","Democrat",904,0,-9.83069211611345,37
"17","Connecticut",5,NA,NA,54.3135265700174,50.3949982654767,"Democrat","Democrat",905,1,3.91852830454074,37
"18","Florida",2,37.1984255945669,68.8140240012186,53.0062247978927,40.1982155951279,"Democrat","Republican",1202,0,12.8080092027649,37
"19","Florida",7,NA,NA,60.7653968252,41.4658532173455,"Democrat","Republican",1207,0,19.2995436078544,35
"20","Florida",13,40.7228426022873,56.1283696371133,48.4256061197003,45.0527893753696,"Republican","Republican",1213,1,3.37281674433068,NA
"21","Florida",15,NA,NA,48.9211428555331,41.4566989445846,"Republican","Republican",1215,1,7.4644439109485,NA
"22","Florida",16,14.8545735684048,69.8617906392732,42.358182103839,37.849016564164,"Republican","Republican",1216,1,4.50916553967497,NA
"23","Florida",22,NA,NA,47.552670653171,55.1094032416864,"Republican","Democrat",1222,0,-7.55673258851533,NA
"24","Florida",27,NA,NA,44.3324509802437,42.7068505150732,"Republican","Republican",1227,1,1.62560046517052,NA
"25","Georgia",6,NA,NA,52.090335195327,37.7782723505104,"Democrat","Republican",1306,0,14.3120628448166,37
"26","Georgia",12,NA,NA,53.7938888896776,40.4034766869662,"Democrat","Republican",1312,0,13.3904122027114,NA
"27","Illinois",6,NA,NA,53.5518367347376,53.9484585050094,"Democrat","Democrat",1706,1,-0.3966217702718,37
"28","Illinois",8,NA,NA,30.0059259270001,56.4792236140882,"Republican","Democrat",1708,0,-26.4732976870881,37
"29","Illinois",11,NA,NA,47.9480517507096,55.9644620708426,"Republican","Democrat",1711,0,-8.01641032013297,NA
"30","Illinois",13,44.1152421678762,55.8506492214824,49.9829456946793,55.8588759207451,"Republican","Democrat",1713,0,-5.87593022606578,NA
"31","Illinois",14,NA,NA,47.8089978215216,54.0690147003264,"Republican","Democrat",1714,0,-6.26001687880485,NA
"32","Illinois",17,42.0590602480403,53.9574528326655,48.0082565403529,51.7036952774302,"Republican","Democrat",1717,0,-3.69543873707733,NA
"33","Iowa",1,42.6153588725663,48.1318207873259,45.3735898299461,46.5560940467614,"Republican","Republican",1901,1,-1.18250421681529,37
"34","Iowa",2,46.1644275648013,54.2504216861694,50.2074246254854,45.8355710916178,"Democrat","Republican",1902,0,4.3718535338676,37
"35","Iowa",3,40.2755989750959,48.8253568875521,44.550477931324,49.5691720835089,"Republican","Republican",1903,1,-5.01869415218486,37
"36","Kansas",3,41.4838541859244,46.409602414928,43.9467283004262,54.913322043371,"Republican","Democrat",2003,0,-10.9665937429447,37
"37","Maine",2,39.166125533926,65.2942270682854,52.2301763011057,51.8035815075171,"Democrat","Democrat",2302,1,0.426594793588677,38
"38","Maryland",6,NA,NA,-34.2777777735999,54.3965003296734,"Republican","Democrat",2406,0,-88.6742781032733,37
"39","Michigan",3,46.2656173277974,48.8591575466179,47.5623874372076,54.8444038427536,"Republican","Democrat",2603,0,-7.28201640554595,36
"40","Michigan",7,37.7403429965702,53.3733024691914,45.5568227328808,51.6703756262229,"Republican","Democrat",2607,0,-6.11355289334207,36
"41","Michigan",8,39.5962076554856,52.8987918769328,46.2474997662092,53.0992793758561,"Republican","Democrat",2608,0,-6.85177960964693,36
"42","Michigan",11,45.2699231389127,46.8546120327794,46.0622675858461,61.3259184656479,"Republican","Democrat",2611,0,-15.2636508798018,NA
"43","Minnesota",1,48.7479472461935,54.3130153071395,51.5304812766665,42.3055781312704,"Democrat","Republican",2701,0,9.22490314539609,37
"44","Minnesota",2,42.6935543523246,53.3850521633607,48.0393032578427,50.8748913106932,"Republican","Democrat",2702,0,-2.83558805285052,37
"45","Minnesota",3,NA,NA,40.7655345895828,59.5601315292976,"Republican","Democrat",2703,0,-18.7945969397149,37
"46","Minnesota",8,45.4029566436169,52.2525490968005,48.8277528702087,42.7183907175424,"Republican","Republican",2708,1,6.10936215266626,37
"47","Missouri",2,NA,NA,46.5283050846698,43.0381393577865,"Republican","Republican",2902,1,3.4901657268833,37
"48","Nebraska",2,40.0722682959702,57.6509571814453,48.8616127387077,48.6587431681514,"Republican","Republican",3102,1,0.202869570556338,37
"49","Nevada",3,46.0737459341185,54.965853828736,50.5197998814273,51.9833920902252,"Democrat","Democrat",3203,1,-1.46359220879794,10
"50","Nevada",4,41.3095476432223,54.4227385534727,47.8661430983475,52.4150268336315,"Republican","Democrat",3204,0,-4.54888373528399,5
"51","New Hampshire",1,46.1847174781196,50.6750770520431,48.4298972650813,54.0037165846136,"Republican","Democrat",3301,0,-5.57381931953228,37
"52","New Hampshire",2,49.4207950714963,57.3991171548809,53.4099561131886,55.8013420724095,"Democrat","Democrat",3302,1,-2.39138595922088,37
"53","New Jersey",2,NA,NA,46.4324644554188,37.7703850711746,"Republican","Republican",3402,1,8.66207938424412,37
"54","New Jersey",3,47.9565822410481,51.6728095878975,49.8146959144728,54.9625981881197,"Republican","Democrat",3403,0,-5.14790227364693,37
"55","New Jersey",5,43.5836415900769,54.5926657151148,49.0881536525958,54.3362600022345,"Republican","Democrat",3405,0,-5.24810634963868,37
"56","New Jersey",7,NA,NA,46.9305166109171,47.6170218512816,"Republican","Republican",3407,1,-0.686505240364518,37
"57","New Jersey",11,NA,NA,60.4370370367333,57.8239061837705,"Democrat","Democrat",3411,1,2.61313085296275,NA
"58","New Mexico",1,NA,NA,48.055374992066,55.7458589126461,"Republican","Democrat",3501,0,-7.69048392058016,27
"59","New Mexico",1,NA,NA,48.055374992066,55.7458589126461,"Republican","Democrat",3501,0,-7.69048392058016,10
"60","New Mexico",2,NA,NA,46.1086473431565,50.3394757331949,"Republican","Democrat",3502,0,-4.23082839003838,27
"61","New York",1,44.7064597523315,53.8151170910777,49.2607884217046,44.0938313277848,"Republican","Republican",3601,1,5.1669570939198,37
"62","New York",2,NA,NA,46.5179310344623,38.9906171545118,"Republican","Republican",3602,1,7.52731387995051,37
"63","New York",3,NA,NA,46.8954166656388,45.8549498294734,"Republican","Republican",3603,1,1.04046683616545,37
"64","New York",4,NA,NA,53.62,48.110803945009,"Democrat","Republican",3604,0,5.50919605499102,37
"65","New York",11,36.2241205977,57.3323728906249,46.7782467441625,37.8322706137547,"Republican","Republican",3611,1,8.94597613040774,NA
"66","New York",18,48.1687903248525,51.5260213332782,49.8474058290654,50.3683555215018,"Republican","Democrat",3618,0,-0.520949692436382,NA
"67","New York",19,42.7479647905004,51.9261760119764,47.3370704012384,48.854493165735,"Republican","Republican",3619,1,-1.51742276449659,NA
"68","New York",22,45.5896329107987,49.4111625938713,47.500397752335,49.2212064137291,"Republican","Republican",3622,1,-1.72080866139408,NA
"69","New York",25,22.9220471758597,75.2917766433462,49.106911909603,53.6158351003217,"Republican","Democrat",3625,0,-4.5089231907187,NA
"70","North Carolina",6,NA,NA,53.4269635125246,53.8818832577858,"Democrat","Democrat",3706,1,-0.454919745261137,37
"71","North Carolina",7,43.8735192610175,57.2434658764831,50.5584925687503,42.2792317797759,"Democrat","Republican",3707,0,8.27926078897439,37
"72","North Carolina",9,NA,NA,49.7703846148384,43.498164561859,"Republican","Republican",3709,1,6.27222005297942,37
"73","North Carolina",13,NA,NA,48.9308943103026,51.5925955304926,"Republican","Democrat",3713,0,-2.66170122019,NA
"74","Ohio",1,44.2162720813828,47.8450836814812,46.030677881432,52.4607543888217,"Republican","Democrat",3901,0,-6.43007650738971,37
"75","Ohio",1,44.2162720813828,47.8450836814812,46.030677881432,52.4607543888217,"Republican","Democrat",3901,0,-6.43007650738971,4
"76","Ohio",7,NA,NA,62.4699999707292,44.561139276253,"Democrat","Republican",3907,0,17.9088606944762,37
"77","Ohio",10,NA,NA,20.0053846675315,37.8141635437686,"Republican","Republican",3910,1,-17.8087788762372,NA
"78","Ohio",13,NA,NA,58.8183468832683,52.5896514372207,"Democrat","Democrat",3913,1,6.22869544604762,NA
"79","Ohio",15,NA,NA,47.4323943676316,42.7646397547266,"Republican","Republican",3915,1,4.66775461290499,NA
"80","Oregon",5,51.1769681404457,54.1366416943412,52.6568049173935,48.7442994954078,"Democrat","Republican",4105,0,3.91250542198566,20
"81","Pennsylvania",1,NA,NA,50.8409009048653,45.1087697112738,"Democrat","Republican",4201,0,5.73213119359146,37
"82","Pennsylvania",6,50.1773942269972,52.0260878523629,51.10174103968,58.2705693433346,"Democrat","Democrat",4206,1,-7.16882830365463,37
"83","Pennsylvania",7,36.3292468897918,51.4428773554037,43.8860621225978,50.9826971204532,"Republican","Democrat",4207,0,-7.09663499785546,37
"84","Pennsylvania",8,45.9201912357325,53.8329182202442,49.8765547279883,51.2585513787996,"Republican","Democrat",4208,0,-1.38199665081132,37
"85","Pennsylvania",10,NA,NA,43.74761111089,46.0626046499738,"Republican","Republican",4210,1,-2.31499353908379,NA
"86","Pennsylvania",12,NA,NA,48.2381249998182,55.8912396021533,"Republican","Democrat",4212,0,-7.65311460233509,NA
"87","Pennsylvania",17,33.9732960198886,49.4619727994583,41.7176344096734,53.1633892939157,"Republican","Democrat",4217,0,-11.4457548842422,NA
"88","South Carolina",1,NA,NA,49.7764761904091,42.4657383536073,"Republican","Republican",4501,1,7.31073783680181,37
"89","Texas",23,45.3490723222803,51.0293737110794,48.1892230166799,38.7194608256108,"Republican","Republican",4823,1,9.4697621910691,NA
"90","Virginia",2,48.4069672287418,49.2990429925503,48.853005110646,48.2211229235209,"Republican","Republican",5102,1,0.631882187125107,37
"91","Virginia",5,45.1338522787492,54.1114202531525,49.6226362659509,42.0719626137618,"Republican","Republican",5105,1,7.55067365218908,37
"92","Virginia",7,NA,NA,50.9835220126089,52.2100423684048,"Democrat","Democrat",5107,1,-1.22652035579584,37
"93","Virginia",10,32.5967364454058,42.4398727988641,37.5183046221349,53.1511179098581,"Republican","Democrat",5110,0,-15.6328132877231,NA
"94","Washington",3,46.3938010930925,54.4666506669398,50.4302258800162,50.1873718003085,"Democrat","Democrat",5303,1,0.242854079707691,37
"95","Washington",8,NA,NA,47.2372222224769,53.2479570387602,"Republican","Democrat",5308,0,-6.01073481628327,20
"96","Wisconsin",3,34.3908304828097,55.0736918091557,44.7322611459827,47.9369732033715,"Republican","Republican",5503,1,-3.20471205738877,37
"97","Alabama",2,30.3492467481642,41.2927355371693,35.8209911426668,29.1236697839407,"Republican","Republican",102,1,6.69732135872614,36
"98","Alabama",3,26.6941902418465,41.9245178908743,34.3093540663604,25.132713564931,"Republican","Republican",103,1,9.1766405014294,36
"99","Alabama",4,12.5044846222749,32.0977913160478,22.3011379691614,13.6293141836385,"Republican","Republican",104,1,8.67182378552292,36
"100","Alabama",5,-8.05270427652569,28.8785019648471,10.4128988441607,29.5260963689131,"Republican","Republican",105,1,-19.1131975247524,36
"101","Alabama",7,86.3765995763489,100.20912685091,93.2928632136297,63.5315618562822,"Democrat","Democrat",107,1,29.7613013573475,36
"102","Arizona",3,23.7112010280699,48.5517957055328,36.1314983668014,76.9801664374725,"Republican","Democrat",403,0,-40.8486680706711,30
"103","Arizona",4,25.2790751875119,36.326457504833,30.8027663461725,56.1063353700341,"Republican","Democrat",404,0,-25.3035690238616,25
"104","Arizona",5,32.6069017881481,41.1617706083977,36.8843361982729,37.3938760659041,"Republican","Republican",405,1,-0.509539867631233,20
"105","Arizona",7,48.7594496716176,149.742742607955,99.2510961397863,64.5444241353606,"Democrat","Democrat",407,1,34.7066720044257,10
"106","Arkansas",1,-5.08664147336356,41.9757726702211,18.4445655984287,25.6386392025276,"Republican","Republican",501,1,-7.19407360409891,37
"107","Arkansas",2,37.9460500775253,59.429519901147,48.6877849893362,35.2581428003279,"Republican","Republican",502,1,13.4296421890083,37
"108","Arkansas",3,19.8076557402918,36.3502986905727,28.0789772154322,32.8913000697712,"Republican","Republican",503,1,-4.81232285433898,37
"109","Arkansas",4,31.1967691610262,68.2648097288063,49.7307894449163,26.1775391589764,"Republican","Republican",504,1,23.5532502859399,37
"110","California",1,38.5816048021305,49.4998563630016,44.0407305825661,37.9370593179287,"Republican","Republican",601,1,6.10367126463741,37
"111","California",2,68.0933536248188,78.8136613475744,73.4535074861966,75.1854420060346,"Democrat","Democrat",602,1,-1.73193451983799,37
"112","California",4,32.4019247801518,44.8110670748675,38.6064959275096,68.1034885350021,"Republican","Democrat",604,0,-29.4969926074925,37
"113","California",5,69.5924652581795,87.0327337103783,78.3125994842789,38.6652148803196,"Democrat","Republican",605,0,39.6473846039593,37
"114","California",6,47.2637016393912,64.4689045667525,55.8663031030718,56.0040686033048,"Democrat","Democrat",606,1,-0.13776550023298,37
"115","California",7,50.3632822242407,62.2880341533022,56.3256581887714,69.0759418664662,"Democrat","Democrat",607,1,-12.7502836776948,37
"116","California",8,22.4783068618213,46.5016476420759,34.4899772519486,75.689353177475,"Republican","Democrat",608,0,-41.1993759255264,37
"117","California",10,36.2587238187866,48.3397671903235,42.2992455045551,78.9701727096974,"Republican","Democrat",610,0,-36.6709272051423,NA
"118","California",11,43.0727676005689,61.4070118153892,52.239889707979,83.9469853439932,"Democrat","Democrat",611,1,-31.7070956360142,NA
"119","California",12,33.6249024469313,66.7446012373445,50.1847518421379,90.5570423483471,"Democrat","Democrat",612,1,-40.3722905062092,NA
"120","California",13,48.5857081322373,80.1191117711253,64.3524099516813,49.6573253151419,"Democrat","Republican",613,0,14.6950846365394,NA
"121","California",14,52.9859325420058,73.6034553348032,63.2946939384045,69.3491597894534,"Democrat","Democrat",614,1,-6.05446585104892,NA
"122","California",15,60.7883987326406,50.7245052794437,60.7883987326406,100,"Democrat","Democrat",615,1,-39.2116012673594,NA
"123","California",16,50.7855413950748,45.0266083184428,50.7855413950748,100,"Democrat","Democrat",616,1,-49.2144586049252,NA
"124","California",17,66.4969329787458,76.5456005567265,71.5212667677362,70.9272485373443,"Democrat","Democrat",617,1,0.594018230391853,NA
"125","California",18,26.4309021216321,67.602762386164,47.016832253898,65.8297965608624,"Republican","Democrat",618,0,-18.8129643069644,NA
"126","California",19,34.3114599309491,59.3390102351854,46.8252350830672,69.5904724578308,"Republican","Democrat",619,0,-22.7652373747636,NA
"127","California",20,38.456847895036,62.1091260687364,50.2829869818862,32.1857116485139,"Democrat","Republican",620,0,18.0972753333723,NA
"128","California",23,28.3164859848794,39.5687276654169,33.9426068251481,38.8629702002931,"Republican","Republican",623,1,-4.92036337514502,NA
"129","California",24,57.8403579673423,69.3734324187933,63.6068951930678,61.0417517701525,"Democrat","Democrat",624,1,2.56514342291529,NA
"130","California",27,42.8672582478456,60.7474976512574,51.8073779495515,46.7349853346915,"Democrat","Republican",627,0,5.07239261485999,NA
"131","California",28,40.8665632772219,61.5724304094715,51.2194968433467,66.3124510710981,"Democrat","Democrat",628,1,-15.0929542277514,NA
"132","California",29,88.922626641211,81.606356734081,90.6162042591707,100,"Democrat","Democrat",629,1,-9.3837957408293,NA
"133","California",30,57.4897419220079,47.7182389635892,57.4897419220079,100,"Democrat","Democrat",630,1,-42.5102580779921,NA
"134","California",31,38.0856106516215,71.0356342880722,54.5606224698468,59.5197704958835,"Democrat","Democrat",631,1,-4.95914802603667,NA
"135","California",32,8.49934780001673,46.5749280802024,27.5371379401095,69.1835589097486,"Republican","Democrat",632,0,-41.6464209696391,NA
"136","California",33,46.3033415938914,62.8628544975254,54.5830980457084,57.6850991325898,"Democrat","Democrat",633,1,-3.10200108688144,NA
"137","California",34,91.7416158942861,89.7562908092092,97.803348301848,100,"Democrat","Democrat",634,1,-2.196651698152,NA
"138","California",35,64.2825396077326,81.782093781004,73.0323166943683,57.3873873873874,"Democrat","Democrat",635,1,15.6449293069809,NA
"139","California",36,44.3971436784179,57.4262379916984,50.9116908350581,69.7245752002137,"Democrat","Democrat",636,1,-18.8128843651556,NA
"140","California",37,74.389922133636,59.7209155145873,74.389922133636,100,"Democrat","Democrat",637,1,-25.610077866364,NA
"141","California",38,71.0584914575238,99.384415440122,85.2214534488229,58.090326758088,"Democrat","Democrat",638,1,27.1311266907349,NA
"142","California",39,35.2311807111417,48.8712441500188,42.0512124305803,57.5976743642301,"Republican","Democrat",639,0,-15.5464619336498,NA
"143","California",40,15.3800361405358,40.6045674344129,27.9923017874743,43.0567185543031,"Republican","Republican",640,1,-15.0644167668288,NA
"144","California",41,32.5077946574524,54.4301081399997,43.468951398726,47.7503407916786,"Republican","Republican",641,1,-4.2813893929526,NA
"145","California",42,26.3437901045675,39.5033304056469,32.9235602551072,68.350474025614,"Republican","Democrat",642,0,-35.4269137705068,NA
"146","California",43,63.0239560544911,82.4584212731773,72.7411886638342,77.3146485586497,"Democrat","Democrat",643,1,-4.57345989481554,NA
"147","California",44,85.4554058566115,111.822004476303,98.6387051664574,72.2090054543345,"Democrat","Democrat",644,1,26.4296997121229,NA
"148","California",46,50.4560173347867,81.190905007209,65.8234611709979,61.6455101842557,"Democrat","Democrat",646,1,4.17795098674221,NA
"149","California",48,26.0050482447021,54.5509107615135,40.2779795031078,39.6363822353719,"Republican","Republican",648,1,0.641597267735918,NA
"150","California",50,31.6403798764041,47.4247726217943,39.5325762490992,62.8076179920016,"Republican","Democrat",650,0,-23.2750417429024,NA
"151","California",51,40.8144614482704,72.1645562614784,56.4895088548744,61.8432972968309,"Democrat","Democrat",651,1,-5.35378844195652,NA
"152","California",52,10.281799219052,57.9890712482188,34.1354352336354,66.6192527296404,"Republican","Democrat",652,0,-32.483817496005,NA
"153","Colorado",1,68.0168146242181,75.8402912111705,71.9285529176943,80.2961626240645,"Democrat","Democrat",801,1,-8.36760970637023,37
"154","Colorado",2,59.6976695817788,65.7080966576421,62.7028831197105,69.976980784832,"Democrat","Democrat",802,1,-7.27409766512147,37
"155","Colorado",4,33.193488317238,41.3839336528287,37.2887109850333,36.5633012978734,"Republican","Republican",804,1,0.725409687159939,37
"156","Colorado",5,21.7405455466624,36.3116718542818,29.0261087004721,40.2863772912882,"Republican","Republican",805,1,-11.2602685908161,25
"157","Colorado",6,34.6862874501546,84.199861667633,59.4430745588938,60.6008797706185,"Democrat","Democrat",806,1,-1.15780521172471,20
"158","Connecticut",1,63.1399056960594,68.0190403611041,65.5794730285818,61.3153050472915,"Democrat","Democrat",901,1,4.26416798129035,37
"159","Connecticut",1,63.1399056960594,68.0190403611041,65.5794730285818,61.3153050472915,"Democrat","Democrat",901,1,4.26416798129035,8
"160","Connecticut",2,57.281574197135,63.6943675147171,60.4879708559261,58.2203339285902,"Democrat","Democrat",902,1,2.26763692733588,37
"161","Connecticut",3,59.3861726176221,65.3244721187586,62.3553223681903,56.8404828333697,"Democrat","Democrat",903,1,5.51483953482057,37
"162","Delaware",1,54.7312401516721,62.9273204048781,58.8292802782751,65.9837521169728,"Democrat","Democrat",1001,1,-7.1544718386977,37
"163","Florida",1,24.6137400891068,38.9333589353112,31.773549512209,32.1395659110916,"Republican","Republican",1201,1,-0.36601639888255,37
"164","Florida",3,21.5608150856759,66.8209508368442,44.1908829612601,36.2880098844127,"Republican","Republican",1203,1,7.90287307684736,37
"165","Florida",4,21.5923660614284,42.7977009753949,32.1950335184117,39.5479071735807,"Republican","Republican",1204,1,-7.35287365516903,37
"166","Florida",8,26.3389931788607,43.7263589487946,35.0326760638276,35.0897699644661,"Republican","Republican",1208,1,-0.0570939006384563,35
"167","Florida",9,47.0423325646035,85.7020666905507,66.3721996275771,53.6354561986085,"Democrat","Democrat",1209,1,12.7367434289686,30
"168","Florida",10,20.3907807542469,42.8886261080523,31.6397034311496,59.0040518233205,"Republican","Democrat",1210,0,-27.3643483921709,NA
"169","Florida",11,24.4901067991663,48.8210045677525,36.6555556834594,35.40839352253,"Republican","Republican",1211,1,1.2471621609294,NA
"170","Florida",12,22.0108769256925,38.8736921700691,30.4422845478808,29.6234982793107,"Republican","Republican",1212,1,0.818786268570069,NA
"171","Florida",14,61.393922925136,81.4298648312438,71.4118938781899,56.8987399492332,"Democrat","Democrat",1214,1,14.5131539289567,NA
"172","Florida",17,19.4327343151135,54.1681221559,36.8004282355068,35.5148014191924,"Republican","Republican",1217,1,1.28562681631443,NA
"173","Florida",19,26.8349975200337,50.7301382892955,38.7825679046646,31.9930795405939,"Republican","Republican",1219,1,6.78948836407075,NA
"174","Florida",20,75.1388764386155,95.7111748942235,85.4250256664195,72.3140057122835,"Democrat","Democrat",1220,1,13.111019954136,NA
"175","Florida",21,2.60302685572626,47.0774463325509,24.8402365941386,36.4959437451485,"Republican","Republican",1221,1,-11.6557071510099,NA
"176","Florida",23,55.0814787950969,86.0352849680747,70.5583818815858,51.5862805457106,"Democrat","Democrat",1223,1,18.9721013358752,NA
"177","Florida",24,34.7967054389878,111.71321068117,73.2549580600787,71.7850783523678,"Democrat","Democrat",1224,1,1.46987970771092,NA
"178","Florida",25,-7.24466271332463,57.3294260710466,25.042381678861,55.093619853895,"Republican","Democrat",1225,0,-30.051238175034,NA
"179","Florida",26,6.9368447992281,84.49563032831,45.7162375637691,29.1270014051893,"Republican","Republican",1226,1,16.5892361585798,NA
"180","Georgia",1,29.272350806821,46.2275197541951,37.7499352805081,40.8527645710606,"Republican","Republican",1301,1,-3.10282929055246,37
"181","Georgia",2,56.3212299045578,71.2788889866576,63.8000594456077,54.9743101019309,"Democrat","Democrat",1302,1,8.82574934367682,37
"182","Georgia",3,24.8513140855965,41.7720739770112,33.3116940313038,31.2501408650239,"Republican","Republican",1303,1,2.06155316627986,37
"183","Georgia",4,73.6471073775201,85.2258398432463,79.4364736103832,78.4852376702439,"Democrat","Democrat",1304,1,0.951235940139327,37
"184","Georgia",5,80.74944352646,91.2210698920565,85.9852567092583,82.4782708762049,"Democrat","Democrat",1305,1,3.50698583305338,37
"185","Georgia",7,45.7304591168591,57.2422750846903,51.4863671007747,61.0532380241118,"Democrat","Democrat",1307,1,-9.56687092333711,37
"186","Georgia",8,26.5520758808121,47.7585754030071,37.1553256419096,31.423790994144,"Republican","Republican",1308,1,5.73153464776563,37
"187","Georgia",9,13.975554953859,32.8574172831105,23.4164861184848,27.6462068824837,"Republican","Republican",1309,1,-4.22972076399893,37
"188","Georgia",10,32.1364028311503,51.0052668555977,41.570834843374,35.4669570588044,"Republican","Republican",1310,1,6.10387778456959,NA
"189","Georgia",11,15.1092695696899,39.0641991086116,27.0867343391508,37.4010808247463,"Republican","Republican",1311,1,-10.3143464855955,NA
"190","Georgia",13,69.5075728865501,93.6443892936816,81.5759810901158,81.7743447108263,"Democrat","Democrat",1313,1,-0.198363620710452,NA
"191","Georgia",14,-40.6786087357528,64.2085803225485,11.7649857933979,34.1353430023495,"Republican","Republican",1314,1,-22.3703572089516,NA
"192","Hawaii",1,64.8686046422387,78.5764721364623,71.7225383893505,73.7398940978949,"Democrat","Democrat",1501,1,-2.01735570854437,26
"193","Hawaii",1,64.8686046422387,78.5764721364623,71.7225383893505,73.7398940978949,"Democrat","Democrat",1501,1,-2.01735570854437,5
"194","Hawaii",2,59.7716978310684,85.0770190251211,72.4243584280948,62.2670973642476,"Democrat","Democrat",1502,1,10.1572610638472,26
"195","Idaho",1,30.3559051019178,40.2379187027569,35.2969119023373,26.3284065522561,"Republican","Republican",1601,1,8.9685053500812,37
"196","Idaho",2,33.0007239464793,39.2432064113575,36.1219651789184,36.4089591645586,"Republican","Republican",1602,1,-0.286993985640244,37
"197","Illinois",1,70.8298018167565,89.1836830861073,80.0067424514319,65.9662085220201,"Democrat","Democrat",1701,1,14.0405339294118,37
"198","Illinois",2,76.3792469577275,81.5284163938823,78.9538316758049,66.5524923692966,"Democrat","Democrat",1702,1,12.4013393065083,37
"199","Illinois",3,50.8859505771902,67.7793915545469,59.3326710658686,66.9425525882403,"Democrat","Democrat",1703,1,-7.60988152237166,37
"200","Illinois",4,79.4941282530248,89.9049130369935,84.6995206450092,67.8329288342598,"Democrat","Democrat",1704,1,16.8665918107494,37
"201","Illinois",5,68.3428445003215,75.3120006548589,71.8274225775902,67.7651139742319,"Democrat","Democrat",1705,1,4.06230860335829,37
"202","Illinois",7,81.477701564092,87.1344505405749,84.3060760523335,100,"Democrat","Democrat",1707,1,-15.6939239476665,37
"203","Illinois",9,66.7550713073454,72.6341355840674,69.6946034457064,70.5969495542845,"Democrat","Democrat",1709,1,-0.902346108578129,37
"204","Illinois",10,48.8539659320101,67.6213712641127,58.2376685980614,62.1562666689795,"Democrat","Democrat",1710,1,-3.91859807091814,NA
"205","Illinois",12,29.2868780199294,40.6483856486591,34.9676318342942,25.9874639339369,"Republican","Republican",1712,1,8.98016790035728,NA
"206","Illinois",15,26.2536752003736,35.7710021964798,31.0123386984267,28.6800585414243,"Republican","Republican",1715,1,2.33228015700236,NA
"207","Illinois",16,27.7599679575127,35.9292343143745,31.8446011359436,33.3699358492747,"Republican","Republican",1716,1,-1.52533471333109,NA
"208","Indiana",1,60.9762407109675,69.7768145605475,65.3765276357575,52.8274962095074,"Democrat","Democrat",1801,1,12.5490314262501,37
"209","Indiana",2,41.3784516120122,47.7091639182484,44.5438077651303,32.3633980587534,"Republican","Republican",1802,1,12.1804097063769,37
"210","Indiana",3,31.0736917310246,39.5521840978326,35.3129379144286,30.0182163867847,"Republican","Republican",1803,1,5.29472152764394,37
"211","Indiana",4,33.8220160938352,39.7759744671492,36.7989952804922,31.7934148445031,"Republican","Republican",1804,1,5.00558043598913,37
"212","Indiana",5,35.6627109047238,44.8143670765499,40.2385389906369,38.9266641375084,"Republican","Republican",1805,1,1.31187485312851,37
"213","Indiana",6,27.6731869326705,33.4851413488606,30.5791641407656,32.4781992531369,"Republican","Republican",1806,1,-1.89903511237133,37
"214","Indiana",7,58.0718827566726,64.1480336861966,61.1099582214346,66.9652286596679,"Democrat","Democrat",1807,1,-5.85527043823327,37
"215","Indiana",8,34.2823175278833,46.9314326264972,40.6068750771903,31.5063288793343,"Republican","Republican",1808,1,9.10054619785599,37
"216","Indiana",9,34.7625677214978,48.8317382012368,41.7971529613673,34.2539635098969,"Republican","Republican",1809,1,7.54318945147042,37
"217","Iowa",4,38.0625472121078,46.1501746716927,42.1063609419002,30.4070640559117,"Republican","Republican",1904,1,11.6992968859885,37
"218","Kansas",1,21.9153188056006,32.4489720130826,27.1821454093416,32.2260238994995,"Republican","Republican",2001,1,-5.04387849015794,37
"219","Kansas",2,40.0351861025728,46.1315479557147,43.0833670291437,42.362543141809,"Republican","Republican",2002,1,0.720823887334674,37
"220","Kansas",4,35.037546279167,40.6055980188169,37.821572148992,36.5056155305976,"Republican","Republican",2004,1,1.31595661839435,37
"221","Kentucky",1,19.2970522731544,38.4347776610065,28.8659149670805,25.0992693127634,"Republican","Republican",2101,1,3.76664565431707,37
"222","Kentucky",2,27.0921578789195,50.6208455218114,38.8565017003654,28.1416884085765,"Republican","Republican",2102,1,10.7148132917889,37
"223","Kentucky",3,46.2812668855834,57.7984419734141,52.0398544294988,61.9917140379613,"Democrat","Democrat",2103,1,-9.95185960846246,37
"224","Kentucky",4,31.6104076350254,45.5364710865052,38.5734393607653,31.0434772482911,"Republican","Republican",2104,1,7.52996211247415,37
"225","Kentucky",5,15.0867005449548,25.2152596169152,20.150980080935,17.8247259175001,"Republican","Republican",2105,1,2.32625416343487,37
"226","Kentucky",6,25.2695245952735,43.5182183442479,34.3938714697607,33.7176190534222,"Republican","Republican",2106,1,0.676252416338485,37
"227","Louisiana",1,11.3633749468541,20.9069037181564,16.1351393325053,25.1868515513596,"Republican","Republican",2201,1,-9.05171221885429,37
"228","Louisiana",2,78.2877277610722,89.9086194180093,84.0981735895407,77.1140275156428,"Democrat","Democrat",2202,1,6.98414607389795,37
"229","Louisiana",3,20.8424121934389,10.9241085867131,20.8424121934389,19.9566247461612,"Republican","Republican",2203,1,0.885787447277654,40
"230","Louisiana",5,20.623488332126,27.1336875030574,27.1336875030574,24.3933205995894,"Republican","Republican",2205,1,2.74036690346804,41
"231","Maine",1,58.8519740813645,64.9576327707708,61.9048034260677,62.8923037977597,"Democrat","Democrat",2301,1,-0.987500371691958,37
"232","Maryland",1,33.4439500452952,39.953162559871,36.6985563025831,43.1251235691544,"Republican","Republican",2401,1,-6.42656726657131,37
"233","Maryland",1,33.4439500452952,39.953162559871,36.6985563025831,43.1251235691544,"Republican","Republican",2401,1,-6.42656726657131,2
"234","Maryland",2,62.7893978905666,70.0751499954958,66.4322739430312,59.231691961525,"Democrat","Democrat",2402,1,7.20058198150621,37
"235","Maryland",3,70.220116014631,80.4759175438438,75.3480167792374,60.1895734597156,"Democrat","Democrat",2403,1,15.1584433195218,37
"236","Maryland",4,62.6462935505353,82.0464989210493,72.3463962357923,90.0728509609511,"Democrat","Democrat",2404,1,-17.7264547251588,37
"237","Maryland",5,65.1008456797489,73.5288079256413,69.3148268026951,65.7489354899653,"Democrat","Democrat",2405,1,3.56589131272983,37
"238","Maryland",7,72.6540421328833,80.2720894161767,76.46306577453,82.0558330312065,"Democrat","Democrat",2407,1,-5.59276725667655,35
"239","Maryland",8,66.245938360011,75.3168895116524,70.7814139358317,79.9320299740609,"Democrat","Democrat",2408,1,-9.15061603822922,28
"240","Massachusetts",1,80.1516041700695,102.024940265662,91.0882722178656,61.3851085029672,"Democrat","Democrat",2501,1,29.7031637148984,37
"241","Massachusetts",2,67.3839421592609,84.5404093950188,75.9621757771398,66.2056890181473,"Democrat","Democrat",2502,1,9.75648675899252,37
"242","Massachusetts",3,72.7678776355883,90.4868063243945,81.6273419799914,63.7810945273632,"Democrat","Democrat",2503,1,17.8462474526282,37
"243","Massachusetts",4,66.6775072731782,82.1242753228884,74.4008912980333,100,"Democrat","Democrat",2504,1,-25.5991087019667,37
"244","Massachusetts",5,73.1980334951345,88.8279605556114,81.0129970253729,73.7500510562138,"Democrat","Democrat",2505,1,7.26294596915908,37
"245","Massachusetts",6,59.5919136838048,74.6825173143833,67.1372154990941,63.8739338213054,"Democrat","Democrat",2506,1,3.26328167778867,37
"246","Massachusetts",7,81.0984230070085,96.8609982357487,88.9797106213786,84.548642514135,"Democrat","Democrat",2507,1,4.43106810724359,37
"247","Massachusetts",8,91.0812107200073,101.529245668737,96.3052281943723,69.4538663245864,"Democrat","Democrat",2508,1,26.8513618697859,37
"248","Massachusetts",9,64.3616122187454,83.2406044648244,73.8011083417849,59.4494747389062,"Democrat","Democrat",2509,1,14.3516336028787,37
"249","Michigan",1,28.9528197479485,43.3692814204628,36.1610505842057,37.4889112460009,"Republican","Republican",2601,1,-1.32786066179524,37
"250","Michigan",1,28.9528197479485,43.3692814204628,36.1610505842057,37.4889112460009,"Republican","Republican",2601,1,-1.32786066179524,1
"251","Michigan",2,36.4678158379958,40.453446692109,38.4606312650524,34.2722587524436,"Republican","Republican",2602,1,4.18837251260882,36
"252","Michigan",4,31.5209395999864,36.928108938044,34.2245242690152,42.2280994109182,"Republican","Republican",2604,1,-8.00357514190301,36
"253","Michigan",5,42.0621965421105,57.4146883628293,49.7384424524699,34.8879792159983,"Republican","Republican",2605,1,14.8504632364716,36
"254","Michigan",6,36.4621852862449,44.2190839675981,40.3406346269215,65.8878644758824,"Republican","Democrat",2606,0,-25.5472298489609,36
"255","Michigan",9,39.477516709855,54.6161420415477,47.0468293757013,33.1702869401984,"Republican","Republican",2609,1,13.8765424355029,36
"256","Michigan",10,33.3734248005506,38.4256096527526,35.8995172266516,48.3094956381003,"Republican","Republican",2610,1,-12.4099784114487,NA
"257","Michigan",12,48.6841210097274,61.2043383936931,54.9442297017103,70.838017410354,"Democrat","Democrat",2612,1,-15.8937877086437,NA
"258","Michigan",13,79.3355429869048,94.9102141830484,87.1228785849766,71.0609351484471,"Democrat","Democrat",2613,1,16.0619434365295,NA
"259","Mississippi",1,21.2119871186575,35.8104744357279,28.5112307771927,27.0233769958887,"Republican","Republican",2801,1,1.48785378130399,37
"260","Mississippi",2,68.0937785856656,80.4588828311197,74.2763307083926,60.0002241511676,"Democrat","Democrat",2802,1,14.2761065572251,37
"261","Mississippi",3,23.1269076646377,41.0900334425079,32.1084705535728,29.1508428365588,"Republican","Republican",2803,1,2.957627717014,37
"262","Mississippi",4,1.18596552824793,27.0796198430636,14.1327926856558,0,"Republican","Republican",2804,1,14.1327926856558,37
"263","Missouri",1,69.658783712561,78.679928891922,74.1693563022415,72.8191828191828,"Democrat","Democrat",2901,1,1.35017348305868,37
"264","Missouri",3,23.7410504936613,39.8719573299563,31.8065039118088,34.8471767158076,"Republican","Republican",2903,1,-3.04067280399877,37
"265","Missouri",4,26.5205576634777,41.287194927833,33.9038762956554,26.2706621746754,"Republican","Republican",2904,1,7.63321412097999,37
"266","Missouri",5,61.3538139041693,65.3374121989848,63.3456130515771,60.9491690849041,"Democrat","Democrat",2905,1,2.396443966673,37
"267","Missouri",6,31.9934231975627,40.9400865888955,36.4667548932291,27.483438648502,"Republican","Republican",2906,1,8.98331624472707,37
"268","Missouri",7,28.4759288180597,36.8833632677579,32.6796460429088,26.7387864269229,"Republican","Republican",2907,1,5.94085961598586,37
"269","Missouri",8,23.4154102336512,36.6350699985464,30.0252401160988,21.8939594850976,"Republican","Republican",2908,1,8.13128063100119,37
"270","Nebraska",1,32.3422146095701,39.3809000570472,35.8615573333087,42.0817770435282,"Republican","Republican",3101,1,-6.22021971021952,37
"271","Nebraska",3,17.4801009364644,28.1513002410057,22.815700588735,16.7862156125939,"Republican","Republican",3103,1,6.02948497614112,37
"272","Nevada",1,60.7428675909069,67.3665314993064,64.0546995451066,51.5714355758216,"Democrat","Democrat",3201,1,12.483263969285,20
"273","Nevada",1,60.7428675909069,67.3665314993064,64.0546995451066,51.5714355758216,"Democrat","Democrat",3201,1,12.483263969285,17
"274","Nevada",2,28.6231630337251,41.7200520445173,35.1716075391212,37.8006872852234,"Republican","Republican",3202,1,-2.62907974610217,20
"275","New Jersey",1,60.6039669356472,71.4887999977655,66.0463834667063,62.1221561494974,"Democrat","Democrat",3401,1,3.92422731720887,37
"276","New Jersey",4,35.8625109369007,40.9788191452475,38.4206650410741,31.1665564582153,"Republican","Republican",3404,1,7.25410858285885,37
"277","New Jersey",6,59.4990238951595,65.1556420684165,62.327332981788,57.0597866923862,"Democrat","Democrat",3406,1,5.2675462894018,37
"278","New Jersey",8,47.9208917800785,64.9193064638627,56.4200991219706,73.0924694357055,"Democrat","Democrat",3408,1,-16.6723703137349,37
"279","New Jersey",9,63.1547919347534,69.1089106140666,66.13185127441,54.398541330135,"Democrat","Democrat",3409,1,11.733309944275,37
"280","New Jersey",10,83.5297084185198,88.4291676262394,85.9794380223796,76.9374114840858,"Democrat","Democrat",3410,1,9.04202653829383,NA
"281","New Jersey",12,61.7641662352049,71.6419833323327,66.7030747837688,60.1417393535146,"Democrat","Democrat",3412,1,6.56133543025418,NA
"282","New Mexico",3,60.9801852738821,74.2337895175071,67.6069873956946,58.1580258682323,"Democrat","Democrat",3503,1,9.44896152746227,20
"283","New York",5,82.3008996476169,102.426566906456,92.3637332770366,75.0651201274822,"Democrat","Democrat",3605,1,17.2986131495544,37
"284","New York",6,65.9413211050773,81.0142368008892,73.4777789529832,63.1947921882824,"Democrat","Democrat",3606,1,10.2829867647008,37
"285","New York",7,78.2153870141042,88.8888398256425,83.5521134198734,80.3640382986664,"Democrat","Democrat",3607,1,3.18807512120695,37
"286","New York",8,77.8714605740095,86.3801320593683,82.1257963166889,72.3475037610311,"Democrat","Democrat",3608,1,9.77829255565784,37
"287","New York",9,76.0191301774585,88.2322467065072,82.1256884419828,81.9506800840429,"Democrat","Democrat",3609,1,0.175008357939902,36
"288","New York",10,75.278625164655,102.316937192681,88.7977811786681,83.3711291836096,"Democrat","Democrat",3610,1,5.42665199505846,NA
"289","New York",12,67.7708349282819,81.9406541012476,74.8557445147647,81.5259902181236,"Democrat","Democrat",3612,1,-6.6702457033589,NA
"290","New York",13,81.7446459233152,94.7027881794974,88.2237170514063,98.908516834971,"Democrat","Democrat",3613,1,-10.6847997835647,NA
"291","New York",14,67.9673896165919,76.3789194419058,72.1731545292488,70.4735326213349,"Democrat","Democrat",3614,1,1.69962190791389,NA
"292","New York",15,80.5825939480532,92.2870423473133,86.4348181476833,82.4785596637701,"Democrat","Democrat",3615,1,3.95625848391322,NA
"293","New York",16,92.6325378486564,102.729157360995,97.6808476048258,64.0989934525555,"Democrat","Democrat",3616,1,33.5818541522703,NA
"294","New York",17,42.0990941774366,58.7184697578196,50.4087819676281,49.5033012404122,"Democrat","Republican",3617,0,0.905480727215938,NA
"295","New York",20,61.5818307780837,71.8933610454282,66.737595911756,54.921294074275,"Democrat","Democrat",3620,1,11.816301837481,NA
"296","New York",21,31.8750356838923,47.1715120508742,39.5232738673833,40.595227000638,"Republican","Republican",3621,1,-1.07195313325472,NA
"297","New York",23,32.5076381925004,43.9547663754086,38.2312022839545,34.9429151927063,"Republican","Republican",3623,1,3.28828709124816,NA
"298","New York",24,34.6621584116495,45.2790594612087,39.9706089364291,33.9932831173453,"Republican","Republican",3624,1,5.97732581908383,NA
"299","New York",26,57.8027988669464,74.4185183850038,66.1106586259751,63.6988731959236,"Democrat","Democrat",3626,1,2.41178543005147,NA
"300","North Carolina",1,34.5266478335952,68.4799663433686,51.5033070884819,52.3678360690081,"Democrat","Democrat",3701,1,-0.86452898052616,37
"301","North Carolina",2,62.2867967930401,76.6580033223523,69.4724000576962,64.6775347696774,"Democrat","Democrat",3702,1,4.79486528801883,37
"302","North Carolina",3,27.3594329780753,45.5312809698212,36.4453569739483,33.0970919814542,"Republican","Republican",3703,1,3.34826499249405,37
"303","North Carolina",4,45.616890151465,71.9339796283131,58.7754348898891,66.9067513082268,"Democrat","Democrat",3704,1,-8.13131641833772,37
"304","North Carolina",5,28.3222233072602,40.2737844822177,34.2980038947389,36.8470925645026,"Republican","Republican",3705,1,-2.54908866976369,37
"305","North Carolina",8,42.9177475674847,48.94683950786,45.9322935376723,30.089289106729,"Republican","Republican",3708,1,15.8430044309433,37
"306","North Carolina",10,28.4633590768433,37.4678349720799,32.9655970244616,27.2938525981268,"Republican","Republican",3710,1,5.6717444263348,NA
"307","North Carolina",11,40.9818131535668,50.7643907872285,45.8731019703976,44.5062256292779,"Republican","Republican",3711,1,1.3668763411197,NA
"308","North Carolina",12,57.948796761409,106.080940023345,82.0148683923769,62.7463065187488,"Democrat","Democrat",3712,1,19.2685618736281,NA
"309","Ohio",2,34.6767746118676,39.6324617371224,37.154618174495,25.4638224431874,"Republican","Republican",3902,1,11.6907957313076,37
"310","Ohio",3,66.5649101544223,82.1603628415946,74.3626364980084,70.1682712566367,"Democrat","Democrat",3903,1,4.19436524137166,37
"311","Ohio",4,27.0594435365971,34.4334686649151,30.7464561007561,30.6799698636117,"Republican","Republican",3904,1,0.0664862371443782,37
"312","Ohio",5,29.9743077213472,35.2801472717821,32.6272274965647,32.9722471881493,"Republican","Republican",3905,1,-0.345019691584589,37
"313","Ohio",6,24.276941840175,35.9671728378585,30.1220573390168,32.2715730064372,"Republican","Republican",3906,1,-2.14951566742042,37
"314","Ohio",8,25.7667974077913,33.1326352589118,29.4497163333515,35.1072131183576,"Republican","Republican",3908,1,-5.65749678500607,37
"315","Ohio",9,61.1082202212777,67.5331813264247,64.3207007738512,56.5450886439866,"Democrat","Democrat",3909,1,7.77561212986462,37
"316","Ohio",11,75.2823213849685,85.2975323832386,80.2899268841036,77.579706816703,"Democrat","Democrat",3911,1,2.71022006740057,NA
"317","Ohio",12,37.6308458740059,43.166660359601,40.3987531168034,30.4728994926194,"Republican","Republican",3912,1,9.92585362418399,NA
"318","Ohio",14,37.5623232763742,44.3518767046742,40.9570999905242,38.1443758879364,"Republican","Republican",3914,1,2.81272410258778,NA
"319","Oklahoma",1,30.2647787205574,39.2051814432293,34.7349800818934,34.6791151844793,"Republican","Republican",4001,1,0.0558648974140752,37
"320","Oklahoma",2,18.5379533149381,35.0991218727104,26.8185375938243,23.3925549915398,"Republican","Republican",4002,1,3.42598260228453,37
"321","Oklahoma",3,13.868776305007,27.7645678054322,20.8166720552196,25.4606314341767,"Republican","Republican",4003,1,-4.64395937895713,37
"322","Oklahoma",4,22.7032221130105,40.6512511607066,31.6772366368585,33.2524293463255,"Republican","Republican",4004,1,-1.57519270946698,37
"323","Oklahoma",5,31.2890577862224,44.1978681767034,37.7434629814629,37.3992566434593,"Republican","Republican",4005,1,0.344206338003588,37
"324","Oregon",1,59.3729328092291,68.3566578131095,63.8647953111693,67.8802346910898,"Democrat","Democrat",4101,1,-4.01543937992051,37
"325","Oregon",2,34.3539807465305,40.9162726746148,37.6351267105726,32.3691451031772,"Republican","Republican",4102,1,5.2659816073954,37
"326","Oregon",3,73.6151672468783,81.0545945011344,77.3348808740063,69.9471262149491,"Democrat","Democrat",4103,1,7.38775465905722,37
"327","Oregon",4,39.4759448515309,53.3317583330014,46.4038515922662,50.6001229491074,"Republican","Democrat",4104,0,-4.19627135684122,37
"328","Pennsylvania",2,71.1461343657808,77.3538285601085,74.2499814629447,75.6259019049305,"Democrat","Democrat",4202,1,-1.3759204419858,37
"329","Pennsylvania",3,53.032422506386,75.8835160963746,64.4579693013803,95.1438623657873,"Democrat","Democrat",4203,1,-30.685893064407,37
"330","Pennsylvania",4,55.5590280950531,65.4226723696708,60.4908502323619,61.1072900446239,"Democrat","Democrat",4204,1,-0.616439812262044,37
"331","Pennsylvania",5,49.7518010400665,74.2616386545175,62.006719847292,64.9068104259638,"Democrat","Democrat",4205,1,-2.90009057867176,37
"332","Pennsylvania",9,25.0395955828437,35.3209472400421,30.1802714114429,30.6849424632335,"Republican","Republican",4209,1,-0.504671051790556,37
"333","Pennsylvania",11,31.1614494668841,51.1413982238802,41.1514238453821,38.3809502676967,"Republican","Republican",4211,1,2.77047357768543,NA
"334","Pennsylvania",15,29.7129787319894,45.1725927511039,37.4427857415466,29.9866377315005,"Republican","Republican",4215,1,7.45614801004612,NA
"335","Pennsylvania",16,32.651074664485,39.9587630992158,36.3049188818504,40.6271370090149,"Republican","Republican",4216,1,-4.32221812716446,NA
"336","Rhode Island",1,62.9042941268612,92.0525166175714,77.4784053722163,63.9745203396436,"Democrat","Democrat",4401,1,13.5038850325727,37
"337","Rhode Island",2,52.1692037922258,66.3512703852061,59.260237088716,50.4035651156422,"Democrat","Democrat",4402,1,8.85667197307381,37
"338","South Carolina",2,29.0053948118326,43.2506495685635,36.1280221901981,39.849914271552,"Republican","Republican",4502,1,-3.72189208135386,37
"339","South Carolina",5,33.9913997093311,61.1389451269332,47.5651724181321,34.4628000016549,"Republican","Republican",4505,1,13.1023724164772,37
"340","South Carolina",6,67.3306207337419,79.0717729929376,73.2011968633397,62.0405822923972,"Democrat","Democrat",4506,1,11.1606145709425,37
"341","South Carolina",7,34.8231076186712,43.4928517145421,39.1579796666067,35.0698205739271,"Republican","Republican",4507,1,4.08815909267961,5
"342","Tennessee",1,18.5893458120334,27.8127655309326,23.201055671483,19.7087750670584,"Republican","Republican",4701,1,3.49228060442463,37
"343","Tennessee",2,13.3136974095141,25.1028573578688,19.2082773836914,32.0866918980345,"Republican","Republican",4702,1,-12.8784145143431,37
"344","Tennessee",3,28.2282512569893,40.837649722238,34.5329504896137,30.2655712168036,"Republican","Republican",4703,1,4.2673792728101,37
"345","Tennessee",4,26.5414879527326,43.1705941609229,34.8560410568278,25.7447446754505,"Republican","Republican",4704,1,9.11129638137726,37
"346","Tennessee",5,39.3658701219576,71.7313949636296,55.5486325427936,42.2918921856812,"Democrat","Republican",4705,0,13.2567403571124,37
"347","Tennessee",6,10.8877778905748,40.4812110821521,25.6844944863634,33.6557059961315,"Republican","Republican",4706,1,-7.97121150976813,37
"348","Tennessee",7,20.4042872011307,34.7102424361863,27.5572648186585,38.1324787743942,"Republican","Republican",4707,1,-10.5752139557357,37
"349","Tennessee",8,22.2864163412877,48.3765866682755,35.3315015047816,24.2963139120095,"Republican","Republican",4708,1,11.0351875927721,37
"350","Tennessee",9,75.788145816785,87.876491024514,81.8323184206495,70.0401168393608,"Democrat","Democrat",4709,1,11.7922015812887,32
"351","Texas",1,18.4829211851793,40.506592081503,29.4947566333411,21.8905387698309,"Republican","Republican",4801,1,7.60421786351016,37
"352","Texas",1,18.4829211851793,40.506592081503,29.4947566333411,21.8905387698309,"Republican","Republican",4801,1,7.60421786351016,5
"353","Texas",2,27.206526024168,50.798447227354,39.002486625761,34.0684278154061,"Republican","Republican",4802,1,4.93405881035494,37
"354","Texas",3,30.6787717115779,45.869347427922,38.27405956975,36.8686178056524,"Republican","Republican",4803,1,1.40544176409764,37
"355","Texas",4,12.6025578095322,29.1160163749309,20.8592870922315,30.8831246133001,"Republican","Republican",4804,1,-10.0238375210686,37
"356","Texas",5,27.9174972036403,43.2515872916387,35.5845422476395,33.8225037229731,"Republican","Republican",4805,1,1.76203852466639,37
"357","Texas",7,50.0211999550915,81.4536849467957,65.7374424509436,63.7573694766912,"Democrat","Democrat",4807,1,1.98007297425242,37
"358","Texas",8,16.4550026981904,31.0606172076046,23.7578099528975,30.5194342195563,"Republican","Republican",4808,1,-6.76162426665882,37
"359","Texas",9,73.8602499662556,86.7621302673141,80.3111901167849,76.6628609310548,"Democrat","Democrat",4809,1,3.64832918573009,37
"360","Texas",10,34.0734943692419,55.3409387454361,44.707216557339,34.3176945943146,"Republican","Republican",4810,1,10.3895219630244,NA
"361","Texas",12,26.6188692806139,43.7814013076119,35.2001352941129,35.7218310600098,"Republican","Republican",4812,1,-0.521695765896951,NA
"362","Texas",13,12.7652687031554,25.9008887998916,19.3330787515235,24.6097778358477,"Republican","Republican",4813,1,-5.27669908432421,NA
"363","Texas",14,31.374780127793,46.6169249697327,38.9958525487628,31.4125207277805,"Republican","Republican",4814,1,7.58333182098229,NA
"364","Texas",15,41.8032285592593,75.6495709987411,58.7263997790002,44.8004485784023,"Democrat","Republican",4815,0,13.9259512005979,NA
"365","Texas",16,73.0955763840294,90.7233275245677,81.9094519542985,63.2814860065922,"Democrat","Democrat",4816,1,18.6279659477063,NA
"366","Texas",17,26.0740596578811,49.2237928809216,37.6489262694013,33.504127657612,"Republican","Republican",4817,1,4.14479861178935,NA
"367","Texas",18,71.4594827843236,88.5189132929047,79.9891980386141,70.7071486439566,"Democrat","Democrat",4818,1,9.28204939465746,NA
"368","Texas",20,78.0643391017768,100.146632499144,89.1054858004606,68.3875425106761,"Democrat","Democrat",4820,1,20.7179432897845,NA
"369","Texas",21,28.9488355505742,46.2071282917253,37.5779819211498,37.0939578123764,"Republican","Republican",4821,1,0.484024108773383,NA
"370","Texas",22,31.3585779446625,44.9964479107108,38.1775129276866,35.4818749247298,"Republican","Republican",4822,1,2.69563800295685,NA
"371","Texas",24,26.8881136472523,49.5285703608235,38.2083420040379,40.2058618990068,"Republican","Republican",4824,1,-1.99751989496891,NA
"372","Texas",27,27.216810159278,52.7115472116178,39.9641786854479,35.5034453391143,"Republican","Republican",4827,1,4.46073334633362,NA
"373","Texas",28,70.8408360575154,104.84852598393,87.8446810207225,56.6165728038216,"Democrat","Democrat",4828,1,31.2281082169009,NA
"374","Texas",29,72.3714258979426,96.5979502465118,84.4846880722272,71.3690083388326,"Democrat","Democrat",4829,1,13.1156797333946,NA
"375","Texas",30,83.2203601689796,95.0281191267219,89.1242396478508,74.80212554562,"Democrat","Democrat",4830,1,14.3221141022308,NA
"376","Texas",32,15.8217439755424,76.0465058116306,45.9341248935865,65.3237589335266,"Republican","Democrat",4832,0,-19.3896340399401,NA
"377","Texas",33,46.7311791040989,123.369912849909,85.050545977004,71.9759857040995,"Democrat","Democrat",4833,1,13.0745602729045,NA
"378","Texas",34,36.2105673792089,79.4739983233311,57.84228285127,52.711209112106,"Democrat","Democrat",4834,1,5.13107373916398,NA
"379","Texas",35,59.1456471964385,77.8182556114653,68.4819514039519,72.5537475760897,"Democrat","Democrat",4835,1,-4.07179617213781,NA
"380","Texas",36,-18.1205119417118,52.3241480708477,17.101818064568,30.5005291157303,"Republican","Republican",4836,1,-13.3987110511623,NA
"381","Utah",1,30.203197519667,36.7975126690103,33.5003550943386,32.8813172170934,"Republican","Republican",4901,1,0.619037877245233,37
"382","Utah",2,38.3448181294415,45.4785645063171,41.9116913178793,33.8672608972468,"Republican","Republican",4902,1,8.04443042063254,37
"383","Utah",3,24.7256910492445,39.6644714488687,32.1950812490566,29.4865955463196,"Republican","Republican",4903,1,2.70848570273704,20
"384","Utah",4,5.08881851723252,86.41436864327,45.7515935802513,32.4003770538097,"Republican","Republican",4904,1,13.3512165264416,5
"385","Vermont",1,12.3073005666031,50.1638279140101,31.2355642403066,56.350732904424,"Republican","Democrat",5001,0,-25.1151686641174,37
"386","Virginia",1,29.3138377733018,46.8499400361168,38.0818889047093,42.876627909354,"Republican","Republican",5101,1,-4.79473900464473,37
"387","Virginia",3,74.3090939686297,92.0175272970298,83.1633106328297,67.1392766941766,"Democrat","Democrat",5103,1,16.0240339386531,37
"388","Virginia",4,79.1928314960366,100.16191415582,89.6773728259282,64.6448450988252,"Democrat","Democrat",5104,1,25.032527727103,37
"389","Virginia",6,14.5709742926685,30.7451987055046,22.6580864990865,35.4366155331872,"Republican","Republican",5106,1,-12.7785290341007,37
"390","Virginia",8,68.704810477678,80.0145035169215,74.3596569972998,73.5180744492503,"Democrat","Democrat",5108,1,0.841582548049445,37
"391","Virginia",9,21.6862650707698,54.8503229593288,38.2682940150493,26.5237673932277,"Republican","Republican",5109,1,11.7445266218216,37
"392","Virginia",11,48.6215102217121,84.4360648818023,66.5287875517572,66.6917521644872,"Democrat","Democrat",5111,1,-0.162964612730022,NA
"393","Washington",1,53.4551807190631,62.8129903097399,58.1340855144015,63.4643025756701,"Democrat","Democrat",5301,1,-5.33021706126865,37
"394","Washington",1,53.4551807190631,62.8129903097399,58.1340855144015,63.4643025756701,"Democrat","Democrat",5301,1,-5.33021706126865,3
"395","Washington",2,59.6137738827589,68.4991648601355,64.0564693714472,60.0883989732394,"Democrat","Democrat",5302,1,3.96807039820783,37
"396","Washington",4,29.8213016403805,37.6438967931235,33.732599216752,31.1125297429052,"Republican","Republican",5304,1,2.62006947384677,37
"397","Washington",5,36.9441875192177,43.0698304482961,40.0070089837569,40.3959041713532,"Republican","Republican",5305,1,-0.38889518759629,37
"398","Washington",6,59.0432039543065,65.2988872271208,62.1710455907136,60.0279253547157,"Democrat","Democrat",5306,1,2.14312023599786,37
"399","Washington",7,76.2684188928644,86.0136691024017,81.1410439976331,85.3877163035887,"Democrat","Democrat",5307,1,-4.24667230595556,32
"400","Washington",9,62.418379497164,79.4641183571777,70.9412489271708,71.6074186621796,"Democrat","Democrat",5309,1,-0.666169735008836,15
"401","Washington",10,-768.9791556493,876.73984571144,53.8803450310701,56.9017615924827,"Democrat","Democrat",5310,1,-3.02141656141255,NA
"402","West Virginia",1,27.3310848113565,44.6036880199243,35.9673864156404,28.7980422190532,"Republican","Republican",5401,1,7.16934419658725,37
"403","West Virginia",2,35.4286829759707,47.8208028429585,41.6247429094646,34.4313664608961,"Republican","Republican",5402,1,7.1933764485685,37
"404","Wisconsin",1,37.8069861766334,45.6477993111363,41.7273927438849,45.1449887293788,"Republican","Republican",5501,1,-3.41759598549385,37
"405","Wisconsin",2,62.3439257946047,71.0060261500906,66.6749759723476,70.9945167470437,"Democrat","Democrat",5502,1,-4.31954077469607,37
"406","Wisconsin",4,71.7195638245943,81.4515665817019,76.5855652031481,63.697817601018,"Democrat","Democrat",5504,1,12.8877476021301,37
"407","Wisconsin",5,27.9699073361302,44.1198789128369,36.0448931244835,35.5450712708291,"Republican","Republican",5505,1,0.499821853654353,37
"408","Wisconsin",7,34.4700443282218,42.5688424498179,38.5194433890199,38.0957307502446,"Republican","Republican",5507,1,0.423712638775292,37
"409","Wyoming",1,26.8337491926436,34.1701775158243,30.501963354234,24.3689936396416,"Republican","Republican",5601,1,6.13296971459241,37
